packagename,permission,text,label
com.radiateandroid,Steps,"Steps [SEP] com.radiateandroid Radiate App IconRadiate Logo Text Open Menu Privacy Policy For Radiate Last updated August 2020 1. Overview We at Radiate The World, Inc. (“Radiate,” “we,” “us,” or “our”) have created this privacy policy (“Privacy Policy”) because we know that you care about how information you provide to us is used and shared. This Privacy Policy relates to the information collection and use practices of Radiate in connection with our online services, which are made available to you through a variety of platforms, including, but not limited to, www.radiatetheworld.com (the “Website”) and our Radiate app, which is accessible through a variety of connected devices, such as mobile devices (the “App”). The Website and the App are collectively referred to as the “Platform.” The Privacy Policy applies to the Platform and any other websites or applications owned and operated by Radiate that direct the user to this Privacy Policy. This Privacy Policy describes the types of personal information that we collect, how we use it, how and when it may be shared, and the rights and choices you have with respect to your information. It also explains how we communicate with you and how you can m",PARTIAL
com.doshcook.doshwalk,Steps,"Steps [SEP] com.doshcook.doshwalk 11:11 Privacy Policy StellarWalk Privacy Policy DoshCook built the StellarWalk app as a Free app. This SERVICE is provided by DoshCook at no cost and is intended for use as is. This page is used to inform visitors regarding our policies with the collection, use, and disclosure f Personal Information if anyone decided to use our Service: If you choose to use our Service, then you agree to the collection and use of information in relation to this policy: The Personal Information that collect is used for providing and improving the Service. will not use or share your information with anyone except as described in this Privacy Policy: The terms used in this Privacy Policy have the same meanings as in our Terms and Conditions, which is accessible at StellarWalk unless otherwise defined in this Privacy Policy: Information Collection and Use For a better experience; while using our Service, may require you to provide us with certain personally identifiable information. The information that request will be retained on your device and is not collected by uS in any way:11:11 Privacy Policy For a better experience, while using our Service, may require you to provide us w",NO
com.apposter.watchmaker,Steps,"Steps [SEP] com.apposter.watchmaker 10.29 G Privacy Policy Privacy Policy Apposter (hereinafter the ""Company"") herewith discloses the Privacy Policy of the Company to protect your personal information and help you address privacy related issues promptly and smoothly: Article 1. General Provisions The Company complies with related laws such as the Personal Information Protection Act, the Act on Promotion of Information and Communication Network Utilization and Information Protection, and the Act on the Use and Protection of Credit Information for the protection of members' personal information: Article 2. Consent to the Processing of Personal Information The company is going through a procedure for agreeing to the terms of service and privacy policy in the membership registration process: The member conveys his/her consent to the company by directly entering an indication to the effect of agree to this privacy policy"" on the website, etc-, and the company considers that the member has read and fully agreed to this privacy policy: Article 3. Purpose of Processing Personal Information The Company is processing personal information of members for the reasons in the following and do not use it for ",YES
com.spotme.trars16,Steps,"Steps [SEP] com.spotme.trars16 SpotMe Launches Onomi for Life Sciences Find out more + logo-color Privacy Notice for SpotMe Services Introduction This privacy notice serves to provide comprehensive information to users of the SpotMe Services and respective Backstage users, in the EU within the meaning of Art. 12 para. 1 GDPR. SpotMe provides the Services as a processor to Clients as controllers who shall use it for the purposes and according to the modalities described in their privacy notice. In case of any inconsistency or discrepancy between the present document and the Client privacy notice, this latter document shall prevail. The contractual relationship between SpotMe and the Client is specifically addressed in the related paragraphs of the present document. SpotMe takes care of protecting the confidentiality of the information you share, and commits itself to the strictest compliance with the data protection law that applies. This document is aimed at providing all users with an outline of what the Services provided by SpotMe consists of, what Personal Data are collected via the Services and how such Data are processed. Service provided by SpotMe SpotMe is a company specialized in provi",YES
com.alanmobile,Steps,"Steps [SEP] com.alanmobile Privacy Policy A privacy policy is often a big, intimidating block of text that is supposed to reassure you but you don't read. We have written ours to be as clear and accessible as possible, so that you understand exactly how your personal data is used by Alan. Enjoy your reading. Table of contents Why a privacy policy? Key principles Who is responsible for collecting your personal data ? I have a question or request or I want to exercise my rights Personal data Care and support Health services Alan Features Journaling Statistics and performance Why a privacy policy? In the course of its activity as an health insurer and as a health and management services provider, Alan is required to process your personal data, including sensitive data. We attach the utmost importance to the security and confidentiality of the data of Alan's services’ users, whether on the alan.com website or on the mobile application made available to them. The purpose of this privacy policy is to help you understand how we treat the personal data you provide us with, in accordance with the GDPR. This privacy policy may be updated regularly, to enrich it, according to Alan's needs, circumstances ",PARTIAL
com.blinkmap,Steps,"Steps [SEP] com.blinkmap 10.43 % blinkmap com/privacyl 2 PRIVAcY POLICY Blink Service Privacy Policy 1. General 1.1. Max Klimchuk in App Store and Blink in Google Play, hereinafter referred to as the ""Administration undertake to respect the confidentiality of data and information provided by individuals (hereinafter; the ""User"") when using the Blink map with friends mobile application for mobile devices on Android and iOS (hereinafter, the ""Service"") 1.2. This Policy establishes the rules under which the Administration processes the User's personal data and information during the User's use of the Service 1.3. This Policy is available at https IIblinkmapcom/privacy and forms an integral part of the User Agreement (the ""Agreement"") posted at https Iiblinkmapcom/terms: In the event of a conflict between this Policy and the Agreement regarding the protection of information about the Service's users, this Policy shall apply: 14. Ifthe User does not agree with the terms of this Policy, the use of the Service must be immediately stopped_ 15. The meaning of certain terms used in this Policy is defined in the Agreement:10.43 9 blinkmap com/privacyl 2 Policy shall apply: 14.Ifthe User does not agree wi",PARTIAL
se.wellr.reboot,Steps,"Steps [SEP] se.wellr.reboot Privacy policy Who is responsible for my personal data? The personal data controller is Wellr AB, corporate ID no. 556857-1995, with the address of Strandbergsgatan 61, 112 51 Stockholm Where can I ask questions about the processing of my personal data? You are always welcome to contact us at dataskydd@wellr.se Who may be a recipient of my personal data? Wellr engages so-called personal data processors to deal with the operation, technical support and maintenance of our IT solutions and to send out newsletters. These personal data processors can come into contact with your personal data and are bound by agreements to process it only according to our instructions. We impose stringent requirements on security and confidentiality with regard to your personal data and regularly check that our personal data processors meet those requirements. We may also share your personal data with a public authority if we are obliged to do so by law or in the case of a suspected crime. Will you transfer my personal data to a third country? Wellr will never transfer your personal data to a recipient in a non-EU or EEA country (a third country). What are my rights as a data subject? Rig",PARTIAL
com.wowbody.production,Steps,"Steps [SEP] com.wowbody.production Privacy policy Your privacy is important to us. It is the policy of WOWBODY, Inc. to respect your privacy and to comply with all applicable laws and regulations regarding any personal information we may collect about you, including through our website WOWBODY and related services. Introduction Privacy of users of the site WOWBODY, which is managed by LLC ""HELS TECHNOLOGY"" is very important to us, and we strive to protect it. This policy explains, what information about users we collect, for what purposes we use it, for what period time we store and how you can change or delete information about yourself. User profile necessary minimum information for full use of the services of our site, a namely: name and surname (registration under a fictitious name is possible) e-mail (you can create a separate e-mail exclusively for registration on our website) phone number (not mandatory, but preferred as an additional means of providing information) the time zone in which you will be during the training program (for timely connection of the program and correct change of content). Use of Personal Information At the beginning of using the site, we identify you by the firs",NO
in.sweatco.app,Steps,"Steps [SEP] in.sweatco.app Privacy Policy This Privacy Policy was last updated on September 5th, 2024 SweatCo Ltd is a company incorporated in England (registration number 9242159) whose registered office is c/o OHS Secretaries Limited, 9th Floor, 107 Cheapside, London, EC2V 6DN (hereafter referred to as “SweatCo”, “we” or “us” as the context may require). SweatCo is registered as a Data Controller with the UK’s Information Commissioner’s Office (registration number ZA182331). This Privacy Policy applies to your use of the Sweatcoin mobile application (the “Sweatcoin App”) which hosts the Sweatcoin Marketplace (“Marketplace”) and uses the sweatcoin reward point (“Sweatcoin(s)”), any website operated by SweatCo (including http://sweatco.in) (the “SweatCo Website(s)”) and the services we provide that are accessible via any of them (the “Services”). This Privacy Policy sets out the basis on which any personal data we collect from you, or that you provide to us, will be stored and processed by us. MINIMUM AGE REQUIREMENT Please note that you must be aged 13 years or older to use the Services. Please do not use the Services or provide us with any personal information if you are under 13 years of ag",NO
com.weightloss.zero.intermittent.bodyfast.fastingtracker,Steps,"Steps [SEP] com.weightloss.zero.intermittent.bodyfast.fastingtracker Privacy Policy Guo Yun built the Intermittent Fasting Tracker (""Fasting"") app as a Freemium app. This SERVICE is provided by Guo Yun at no cost and is intended for use as is. This page is used to inform visitors regarding my policies with the collection, use, and disclosure of Personal Information if anyone decided to use my Service. If you choose to use my Service, then you agree to the collection and use of information in relation to this policy. The Personal Information that I collect is used for providing and improving the Service. I will not use or share your information with anyone except as described in this Privacy Policy. The terms used in this Privacy Policy have the same meanings as in our Terms and Conditions, which are accessible at Intermittent Fasting Tracker (""Fasting"") unless otherwise defined in this Privacy Policy. Information Collection and Use For a better experience, while using our Service, I may require you to provide us with certain personally identifiable information, including but not limited to Usage Data, Weight, Height, Symptoms, Step Count from Google Fit / Apple Health, Other information about ",PARTIAL
fit.appetit,Steps,"Steps [SEP] fit.appetit APPETIT PRIVACY POLICY اسفند ۸, ۱۴۰۳ Welcome to the Appetit Privacy Policy! Welcome to Ta’t Sustained Idea (TSI) LTD (together with our affiliates, “Appetit”, “we”, or “us”). This Privacy Policy is meant to help you understand how we collect, use and share information to operate, improve, develop and help protect our services, or as otherwise outlined in the Policy. This includes how we collect and process your personal information such as when you visit Appetit sites, use any Appetit services including Appetit applications (the “App”) or fitness equipment (such as the Appetit Guide+ or Appetit Move), or when you interact with us via our call centers, customer support service including live chats and e-mail communications, social media channels, studios or retail shops including our showrooms or concession stores as well as other online and offline services we provide (together, the “Services”). This Privacy Policy applies to our Services except where otherwise noted. Why This Matters Appetit uses technology and design to connect the world through fitness and empowers our members to be the best version of themselves. Our goal with this Privacy Policy is in line with our",PARTIAL
com.rumble_mobile.ovdimbari,Steps,"Steps [SEP] com.rumble_mobile.ovdimbari Privacy Policy UVTAL Health Ltd. (“YuviTal”, “Us” or “We”), respects its users’ privacy and is committed to protecting the personal information that you share with Us. We need your personal information to provide the services that you request (the “Services”). This policy describes how we collect, store, process, disclose, transfer and use your personal information and for what purposes. This Policy applies to Personal Identifiable Information (“PII” or “Personal Data”) as defined by the General Data Protection Regulation (GDPR) (EU) 2016/679 (“GDPR“), collected by Us via online resources and communications (such as this website www.yuvital.com via e-mail, and other online tools). PII may contain health related information as defined by the Health Insurance Portability and Accountability Act of 1996 and its attendant regulations (“HIPAA”) as “Protected Health Information” (PHI). “Non-Personal Data,” as used in this Privacy Policy, is therefore any information that does not relate to a person, cannot be used to identify a person. We may also use Non-Personal Data. The limitations and requirements in this Privacy Policy on how we gather, use, disclose, tra",PARTIAL
com.stepbet.app,Steps,"Steps [SEP] com.stepbet.app FitnessAI Privacy Policy Date of Last Revision: May 2, 2023 Here at FitnessAI, we are strongly committed to protecting the privacy of your personal information, and providing a safe and secure environment for all of our players. The purpose of our Privacy Policy is to set forth the information we gather when you visit our site or use our Services and the manner in which such information is used. By registering, accessing, using or visiting any of FitnessAI's games or other services including but not limited to www.stepbet.com and www.fitnessai.com, its websites and any mobile version thereof, or any software system designed to support or permit interaction with the website, including social networking pages thereon, or its functionality over a network (together the ""Site""), you (the ""User"") signify that you have read, understand, and agree to be bound by this Privacy Policy, which is an integral part of our Terms of Use. European Union users should review the section of this Privacy Policy entitled “European Union Users”. Users who are residents of California should review the attached “Supplemental Privacy Provisions for California Residents,” which are an integral",NO
com.diet.pixsterstudio.ketodietican,Steps,"Steps [SEP] com.diet.pixsterstudio.ketodietican 11.08 G Keto Manager PRIVACY POLICY EFFECTIVE DATE: NOVEMBER, 2022 This Privacy Policy governs Your (""You"" or ""Your"") use of any software application (the Applications"") and/or website located at https Iketo-manager com(the ""Website"") provided by PIXSTER STUDIO LLP (hereinafter; ""Keto Manager"") This privacy statement describes how Keto Manager collects and uses the personal information you provide It also describes the choices available to you regarding our use of your personal information and how you can access and update this information. This Privacy_Policy is only applicable to the Website and Applications and does not apply to any websites or applications that are owned or operated by third parties (""Third-Party Websitesl Applications"") , which may have data collection, storage and use practices and policies that differ materially from this Privacy_ Policy: For additional information, see the section concerning Third-Party Websites/ Applications, below: BY USING THE WEBSITE AND/OR APPLICATIONS, YOU REPRESENT AND WARRANT THAT YOU HAVE READ AND UNDERSTOOD, AND AGREE TO THE TERMS OF; THIS PRIVACY POLICY YOU ARE CONSENTING TO OUR PROCESSING OF U",NO
au.org.steps10000.app,Steps,"Steps [SEP] au.org.steps10000.app 10:17 6 Hi O 0 GIP9 Terms, Conditions and Privacy Policy Support Frequently Asked Questions Terms, Conditions and Privacy Policy 10,000 Steps Terms of Use The 10,000 Steps Program has been developed by CQUniversity Australia with funding from the Health and Wellbeing Queensland; Queensland Government; and Preventive Health SA, SA Government (""Program Partners"") The delivery of the 10,000 Steps Program (""the Program"") is through the Website (""the Website""), the Mobile App (""the Mobile App""), and Communication with Registered Users of the Program; which may include but is not limited to emails, phone calls (if a phone number is supplied), social media communication, web-based or paper surveys (""Communication""). These Terms of Use govern access to and use of the Program including the Website and Mobile App, the services on or in connection with them, and the images, photos, information, video, graphics, software, text, creative suggestions, and other materials contained on the munication +b Dashboard Step Log Community Challenges Tournaments10:18 G Hi sctviccs Ui 0 cui iettiumWTTthem an tTC magep, photos, information, video, graphics, software, text, creative sug",YES
co.choosebright.client,Steps,"Steps [SEP] co.choosebright.client Privacy Policy Last Updated August 26, 2024. 10432423 Canada Limited (“Bright Breaks”, “we”, “us”, “our”) respects the privacy of our users and is committed to protecting it by complying with this policy. This privacy policy (the “Privacy Policy”) describes: the types of information we may collect from you, the user of the Services, or that you may provide when you, download, install, register with, access or use the Bright Breaks mobile application (the “App”), or interact with our website brightbreaks.com (the “Site”) (together, the “Services”); and our practices for collecting, using, maintaining, protecting and disclosing that information. By accessing or using our Services, you agree that you have read, understood, and agreed to be bound by this Privacy Policy. If you do not accept the terms of this Privacy Policy, you may not access or use the Services. We may change this Privacy Policy from time to time without notice to you. The date on which this Privacy Policy was last updated will appear at the top of this page. You should periodically review this Privacy Policy so that you are aware of any changes which might affect you. Your continued use of the ",YES
com.jeet.diety,Steps,"Steps [SEP] com.jeet.diety 11.59 6 dietyapp.in My blog Privacy Policy Macros Tracker & Food Tracker App Privacy Policy By installing our mobile application or in any way using or accessing our Services, you accept the terms and conditions of this Privacy Policy and the processing of your personal data: Personal data controller Responsible for the processing of your personal data is: ADDRESS HNO: 109/50 UNCHAGAON; SAINIWARA,UMRAO COLONY GUJJAR WARA BALLABGARHFARIDABAD 121004 E-MAIL: healthydietdev@gmailcom Information about personal data we collect: - When you install Macros Tracker & Food Tracker App we collect personal data from11.59 SAINIWARA, UMRAO COLONY GUJJAR WARA BALLABGARHFARIDABAD 121004 E-MAIL: healthydietdev@gmailcom Information about personal data we collect: - When you install Macros Tracker & Food Tracker App; we collect personal data from you such as: your height; weight; age , gender and your physical intensity level for BMI: When you continue using the Macros Tracker & Food Tracker App Services you regularly save to locally personal data onto your device database such as, depending on your use ofthe Services; your calorie intake, weight loss goallweight gain goal, activityldie",YES
com.soundbrenner.pulse,Steps,"Steps [SEP] com.soundbrenner.pulse Privacy policy mobile app This Privacy Policy governs your use of the software application: The Metronome by Soundbrenner (the “Mobile Application”) for mobile devices that was created by Soundbrenner Limited. The Mobile Application is helping musicians to follow the rhythm. Soundbrenner Limited and/or its subsidiary(ies) and/or affiliates (hereinafter collectively referred to as the “Company”) pledges to meet fully with the requirements of Cap 486 of the Personal Data (Privacy) Ordinance of the Laws of the Hong Kong Special Administrative Region. In doing so, the Company will ensure compliance by its staff to the strictest standards of security and confidentiality in respect of all personal information and data submitted by users via www.soundbrenner.com, its sub-domains, and any other websites, media platforms, or applications including the Mobile Application operated by the Company (hereinafter collectively referred to as the “Channels”) and the Company will not release such information to anyone without the prior consent of the relevant user(s) of the Channels (whether registered or not) (the “User” or the “Users”), except to the authorized persons listed",YES
com.fitapp,Steps,"Steps [SEP] com.fitapp 11:13 PRIVAcY POLICY, TERMS OF USE and DATA PROTECTION REGULATIONS The FITAPP app (hereafter refered to as app), as installed on this device has been developed and is operated by FITAPP GmbH, Schubertstrafse 6a, 8010 Graz, Austria (hereafter referred to as FITAPP): Contact Details FITAPP GmbH Schubertstrafse 6a 8010 Graz AUSTRIA Web: WWW fitapp info Email: supportofitapp info 1. Scope of Service FITAPP provides its users with an app which the user can utilise to capture, save and share their performance and activity information: FITAPP reserves the right to amend; extend, delete or erase any services offered without prior notice nor reason given. 2. Changes to the terms of use and data protection regulations FITAPP has the right to make alterations to the terms of use as set out within this document in order to correspond to any technical or economic influences which affect the app. The user will be informed of all changes and notification of when those changes take effect: The altered terms of use become valid if the user does not withdraw consent within six weeks prior to the changes taking effect by cancelling their contract in the appropriate app store. FITAPP will e",YES
com.cooleaf.Cooleaf,Steps,"Steps [SEP] com.cooleaf.Cooleaf Privacy Policy This Privacy Policy was last modified on September 25, 2024. Overview ‍ The following Privacy Policy (this “Policy”) governs the data collection and handling practices for the Cooleaf mobile applications/apps (the “Cooleaf App”) and the Cooleaf web site located at www.cooleaf.com (the “Cooleaf Site”) and of Cooleaf, Inc. (""Cooleaf”, ""we"", ""us"" or “our”). The Cooleaf App, the Cooleaf Site and the related content, applications, tools, technology and services that that we offer through them, are referred to collectively as the ""Cooleaf Platform”. ‍ This Policy describes: - The types of information we may collect or that you may provide when you download, register with, access, or use the Platform. - Our practices for collecting, using, maintaining, protecting, and disclosing that information. ‍ This Policy applies only to information we collect on or through the Platform. This Policy DOES NOT apply to information that we collect offline, or that you provide to or is collected by any third party, which may have their own privacy policies that we encourage you to read before providing your information on or through them (see “Third-Party Information Co",YES
com.jeet.healthydiet,Steps,"Steps [SEP] com.jeet.healthydiet Privacy Policy Calorie Counter – Eat Smartly App Privacy Policy By installing our mobile application or in any way using or accessing our Services, you accept the terms and conditions of this Privacy Policy and the processing of your personal data. Personal data controller Responsible for the processing of your personal data is: ADDRESS H.NO. 109/50 UNCHAGAON, SAINIWARA,UMRAO COLONY GUJJAR WARA BALLABGARH FARIDABAD 121004 E-MAIL : healthydietdev@gmail.com Information about personal data we collect:- When you install Calorie Counter – Eat Smartly App, we collect personal data from you such as: your height, weight, age , gender and your physical intensity level for BMI. When you continue using the Calorie Counter – Eat Smartly App Services you regularly save to locally personal data onto your device database such as, depending on your use of the Services; your calorie intake, weight loss goal/weight gain goal, activity/diet routines, your body measurements and BMI. In an ongoing effort to improve our Services, additional personal data may be collected from you. In such cases, we will notify you when the personal data collection takes place. Our use of your person",YES
com.corehealth.mywellapp,Steps,"Steps [SEP] com.corehealth.mywellapp 12.43 G di What your data is used for: If you give permission to read Steps, the MyWellApp will request the latest step data from the Health Connect app. The step data will then be uploaded to our servers, so that step data can be included in our platform: The steps data can be consumed and displayed in various places in our platform; for example in Challenges; in Wellness Scores and in Step widgets When permission is granted to read the Sync steps command in the popup menu; will request all the steps for the last 30 days from the Health Connect app. This data is then uploaded to our servers, to refresh your step data: CORE HEALTH Carebook Steps,",YES
com.healthapplines.android.pedometer,Distance,"Distance [SEP] com.healthapplines.android.pedometer 1. General Info Protecting your privacy is important to us. We hope the following statement will help you understand how our app deals with the personal identifiable information ('PII') you may occasionally provide to us via Internet (the Google Play Platform). This Privacy Policy (the ""Policy"") serves to explain what information Health Applines Limited and its affiliates and subsidiaries (collectively, ""we"", ""us"", or ""our"") collect, and how we use and protect your information when you use any mobile applications that we develop and are available for download in the Google Play Store. This Policy applies exclusively to information collected within the app, as well as to email, text, and other electronic communications sent by you through or in connection with the app. Please read this policy carefully to understand our policies and practices regarding your information and how we handle it. If you do not agree with our policies and practices, please refrain from downloading, registering or using this app. By downloading, registering or using the app, you agree to abide by this privacy policy. Reviewing this Privacy Policy will help you become fam",YES
com.healthapplines.android.pedometer,Exercise,"Exercise [SEP] com.healthapplines.android.pedometer 1. General Info Protecting your privacy is important to us. We hope the following statement will help you understand how our app deals with the personal identifiable information ('PII') you may occasionally provide to us via Internet (the Google Play Platform). This Privacy Policy (the ""Policy"") serves to explain what information Health Applines Limited and its affiliates and subsidiaries (collectively, ""we"", ""us"", or ""our"") collect, and how we use and protect your information when you use any mobile applications that we develop and are available for download in the Google Play Store. This Policy applies exclusively to information collected within the app, as well as to email, text, and other electronic communications sent by you through or in connection with the app. Please read this policy carefully to understand our policies and practices regarding your information and how we handle it. If you do not agree with our policies and practices, please refrain from downloading, registering or using this app. By downloading, registering or using the app, you agree to abide by this privacy policy. Reviewing this Privacy Policy will help you become fam",NO
com.healthapplines.android.pedometer,Steps,"Steps [SEP] com.healthapplines.android.pedometer 1. General Info Protecting your privacy is important to us. We hope the following statement will help you understand how our app deals with the personal identifiable information ('PII') you may occasionally provide to us via Internet (the Google Play Platform). This Privacy Policy (the ""Policy"") serves to explain what information Health Applines Limited and its affiliates and subsidiaries (collectively, ""we"", ""us"", or ""our"") collect, and how we use and protect your information when you use any mobile applications that we develop and are available for download in the Google Play Store. This Policy applies exclusively to information collected within the app, as well as to email, text, and other electronic communications sent by you through or in connection with the app. Please read this policy carefully to understand our policies and practices regarding your information and how we handle it. If you do not agree with our policies and practices, please refrain from downloading, registering or using this app. By downloading, registering or using the app, you agree to abide by this privacy policy. Reviewing this Privacy Policy will help you become fam",PARTIAL
life.startchange.goals.resolutions,Distance,"Distance [SEP] life.startchange.goals.resolutions Start Change Logo Start Change☰ Privacy Policy Last Updated: Apr 30, 2025 This Privacy Policy refers to your use of the Start Change application (""App""), owned, operated, and provided by LifeON24 Inc. (""LifeON24,"" ""we,"" ""us,"" or ""our""). Please carefully read this whole Privacy Policy before deciding to use the App, as it covers the privacy practices and treatment of any information that you submit to us, including personally identifiable information (""PII""). Our Policy We have a few fundamental principles, we don't: And won't ask you for personally identifying information unless we truly need it. Share your personally identifying information (""PII"") with anyone, except as needed, to provide service or product support, to comply with the law, or to protect our rights. Store personal or customer information on our servers unless required for the on-going operation of our App. Collection and Use of Information a) Registration Information In order to utilize the App you must be 13 years or older, and you must create an account with an email address and phone number, which will be stored and linked to the account. We encourage you to exercise caution b",YES
life.startchange.goals.resolutions,Exercise,"Exercise [SEP] life.startchange.goals.resolutions Start Change Logo Start Change☰ Privacy Policy Last Updated: Apr 30, 2025 This Privacy Policy refers to your use of the Start Change application (""App""), owned, operated, and provided by LifeON24 Inc. (""LifeON24,"" ""we,"" ""us,"" or ""our""). Please carefully read this whole Privacy Policy before deciding to use the App, as it covers the privacy practices and treatment of any information that you submit to us, including personally identifiable information (""PII""). Our Policy We have a few fundamental principles, we don't: And won't ask you for personally identifying information unless we truly need it. Share your personally identifying information (""PII"") with anyone, except as needed, to provide service or product support, to comply with the law, or to protect our rights. Store personal or customer information on our servers unless required for the on-going operation of our App. Collection and Use of Information a) Registration Information In order to utilize the App you must be 13 years or older, and you must create an account with an email address and phone number, which will be stored and linked to the account. We encourage you to exercise caution b",NO
life.startchange.goals.resolutions,Steps,"Steps [SEP] life.startchange.goals.resolutions Start Change Logo Start Change☰ Privacy Policy Last Updated: Apr 30, 2025 This Privacy Policy refers to your use of the Start Change application (""App""), owned, operated, and provided by LifeON24 Inc. (""LifeON24,"" ""we,"" ""us,"" or ""our""). Please carefully read this whole Privacy Policy before deciding to use the App, as it covers the privacy practices and treatment of any information that you submit to us, including personally identifiable information (""PII""). Our Policy We have a few fundamental principles, we don't: And won't ask you for personally identifying information unless we truly need it. Share your personally identifying information (""PII"") with anyone, except as needed, to provide service or product support, to comply with the law, or to protect our rights. Store personal or customer information on our servers unless required for the on-going operation of our App. Collection and Use of Information a) Registration Information In order to utilize the App you must be 13 years or older, and you must create an account with an email address and phone number, which will be stored and linked to the account. We encourage you to exercise caution b",YES
de.walk15.pedometer,Distance,"Distance [SEP] de.walk15.pedometer Walk15, UAB PERSONAL DATA PROCESSING POLICY SECTION I GENERAL PROVISIONS Walk15, UAB (hereinafter – Company ) Personal data processing policy (hereinafter – Policy ) is a part of a publicly disclosed Data processing policy that governs the purposes of processing personal data of natural persons whose data is processed by the Company, establishes procedures for enforcing their rights, sets the organizational and technical data protection measures, regulates the invocation of personal data processors. This Policy is prepared based on: Law on Legal Protection of Personal Data of the Republic of Lithuania (hereinafter – LLPPD ); The General Data Protection Regulation ( hereinafter – GDPR ); Order of the Government of the Republic of Lithuania of the 28th February 2001 No. 228 “Regarding the approval of the order of remuneration for the provision of data to the data subject and remuneration for data collection from registered data controllers”; other legislation related to the processing and protection of personal data. This Policy applies to the automatic processing of personal data of natural persons, as well as to the manual processing of systematic sets of person",YES
de.walk15.pedometer,Exercise,"Exercise [SEP] de.walk15.pedometer Walk15, UAB PERSONAL DATA PROCESSING POLICY SECTION I GENERAL PROVISIONS Walk15, UAB (hereinafter – Company ) Personal data processing policy (hereinafter – Policy ) is a part of a publicly disclosed Data processing policy that governs the purposes of processing personal data of natural persons whose data is processed by the Company, establishes procedures for enforcing their rights, sets the organizational and technical data protection measures, regulates the invocation of personal data processors. This Policy is prepared based on: Law on Legal Protection of Personal Data of the Republic of Lithuania (hereinafter – LLPPD ); The General Data Protection Regulation ( hereinafter – GDPR ); Order of the Government of the Republic of Lithuania of the 28th February 2001 No. 228 “Regarding the approval of the order of remuneration for the provision of data to the data subject and remuneration for data collection from registered data controllers”; other legislation related to the processing and protection of personal data. This Policy applies to the automatic processing of personal data of natural persons, as well as to the manual processing of systematic sets of person",NO
de.walk15.pedometer,Steps,"Steps [SEP] de.walk15.pedometer Walk15, UAB PERSONAL DATA PROCESSING POLICY SECTION I GENERAL PROVISIONS Walk15, UAB (hereinafter – Company ) Personal data processing policy (hereinafter – Policy ) is a part of a publicly disclosed Data processing policy that governs the purposes of processing personal data of natural persons whose data is processed by the Company, establishes procedures for enforcing their rights, sets the organizational and technical data protection measures, regulates the invocation of personal data processors. This Policy is prepared based on: Law on Legal Protection of Personal Data of the Republic of Lithuania (hereinafter – LLPPD ); The General Data Protection Regulation ( hereinafter – GDPR ); Order of the Government of the Republic of Lithuania of the 28th February 2001 No. 228 “Regarding the approval of the order of remuneration for the provision of data to the data subject and remuneration for data collection from registered data controllers”; other legislation related to the processing and protection of personal data. This Policy applies to the automatic processing of personal data of natural persons, as well as to the manual processing of systematic sets of person",YES
com.mysports.teams,Distance,"Distance [SEP] com.mysports.teams Below, we inform you according to Art. 13, 14 of the GDPR about which personal data are processed by Move Republic GmbH, Raboisen 6, 20095 Hamburg (""Move Republic"") when using the service to promote healthy physical activity (""service"") and the purposes for which this data is used. You will also learn about your related rights. We offer our service via our Move Republic platform (""platform""). It changes continuously and is subject to technical adjustments and additions. Therefore, we update the information in this privacy policy periodically. You are not obliged to enter into an agreement with us and provide your personal data. However, to fully and unrestrictedly offer our service, we need to collect and process your personal data. The terms used here are based on the definitions in the General Data Protection Regulation (""GDPR""). 1. Your Rights You have the right to receive information free of charge about the personal data we store about you. Furthermore, you have the following rights: Right to Access – the right to know which data has been collected and how it is processed; Right to Rectification – the right to request the correction of inaccurate or outdated",YES
com.mysports.teams,Exercise,"Exercise [SEP] com.mysports.teams Below, we inform you according to Art. 13, 14 of the GDPR about which personal data are processed by Move Republic GmbH, Raboisen 6, 20095 Hamburg (""Move Republic"") when using the service to promote healthy physical activity (""service"") and the purposes for which this data is used. You will also learn about your related rights. We offer our service via our Move Republic platform (""platform""). It changes continuously and is subject to technical adjustments and additions. Therefore, we update the information in this privacy policy periodically. You are not obliged to enter into an agreement with us and provide your personal data. However, to fully and unrestrictedly offer our service, we need to collect and process your personal data. The terms used here are based on the definitions in the General Data Protection Regulation (""GDPR""). 1. Your Rights You have the right to receive information free of charge about the personal data we store about you. Furthermore, you have the following rights: Right to Access – the right to know which data has been collected and how it is processed; Right to Rectification – the right to request the correction of inaccurate or outdated",NO
com.mysports.teams,Steps,"Steps [SEP] com.mysports.teams Below, we inform you according to Art. 13, 14 of the GDPR about which personal data are processed by Move Republic GmbH, Raboisen 6, 20095 Hamburg (""Move Republic"") when using the service to promote healthy physical activity (""service"") and the purposes for which this data is used. You will also learn about your related rights. We offer our service via our Move Republic platform (""platform""). It changes continuously and is subject to technical adjustments and additions. Therefore, we update the information in this privacy policy periodically. You are not obliged to enter into an agreement with us and provide your personal data. However, to fully and unrestrictedly offer our service, we need to collect and process your personal data. The terms used here are based on the definitions in the General Data Protection Regulation (""GDPR""). 1. Your Rights You have the right to receive information free of charge about the personal data we store about you. Furthermore, you have the following rights: Right to Access – the right to know which data has been collected and how it is processed; Right to Rectification – the right to request the correction of inaccurate or outdated",YES
com.gojauntly.app,Distance,"Distance [SEP] com.gojauntly.app 31142 Go Iqnt Go Jauntly Go Jauntly Privacy Policy [download pdf version] Privacy policy Go Jauntly is a limited liability company registered in England and Wales under registration number 10308088. Our principal place of business is at 54-58 Tanner St London; SEL 3PH, United Kingdom We are registered as a data controller with the UK Information Commissioner's Office: Our Data Protection Registration Number is ZA214058.31142 Go Iqnt Go Jauntly London; SEL 3PH, United Kingdom We are registered as a data controller with the UK Information Commissioner's Office. Our Data Protection Registration Number is ZA214058. We regularly review our compliance with our Privacy Policy: This update includes additional information regarding the new EU data protection laws, General Data Protection Regulation (GDPR) which is effective from May 25th, 2018. We are committed to safeguarding the privacy of our Website visitors and App Users. Please read this Privacy Policy carefully to understand how we treat your personal information and data. Please note any capitalised word herein denotes a defined term; which is as defined in our Terms of Use (please peruse the definition here): We e",YES
com.gojauntly.app,Exercise,"Exercise [SEP] com.gojauntly.app 31142 Go Iqnt Go Jauntly Go Jauntly Privacy Policy [download pdf version] Privacy policy Go Jauntly is a limited liability company registered in England and Wales under registration number 10308088. Our principal place of business is at 54-58 Tanner St London; SEL 3PH, United Kingdom We are registered as a data controller with the UK Information Commissioner's Office: Our Data Protection Registration Number is ZA214058.31142 Go Iqnt Go Jauntly London; SEL 3PH, United Kingdom We are registered as a data controller with the UK Information Commissioner's Office. Our Data Protection Registration Number is ZA214058. We regularly review our compliance with our Privacy Policy: This update includes additional information regarding the new EU data protection laws, General Data Protection Regulation (GDPR) which is effective from May 25th, 2018. We are committed to safeguarding the privacy of our Website visitors and App Users. Please read this Privacy Policy carefully to understand how we treat your personal information and data. Please note any capitalised word herein denotes a defined term; which is as defined in our Terms of Use (please peruse the definition here): We e",NO
com.gojauntly.app,Steps,"Steps [SEP] com.gojauntly.app 31142 Go Iqnt Go Jauntly Go Jauntly Privacy Policy [download pdf version] Privacy policy Go Jauntly is a limited liability company registered in England and Wales under registration number 10308088. Our principal place of business is at 54-58 Tanner St London; SEL 3PH, United Kingdom We are registered as a data controller with the UK Information Commissioner's Office: Our Data Protection Registration Number is ZA214058.31142 Go Iqnt Go Jauntly London; SEL 3PH, United Kingdom We are registered as a data controller with the UK Information Commissioner's Office. Our Data Protection Registration Number is ZA214058. We regularly review our compliance with our Privacy Policy: This update includes additional information regarding the new EU data protection laws, General Data Protection Regulation (GDPR) which is effective from May 25th, 2018. We are committed to safeguarding the privacy of our Website visitors and App Users. Please read this Privacy Policy carefully to understand how we treat your personal information and data. Please note any capitalised word herein denotes a defined term; which is as defined in our Terms of Use (please peruse the definition here): We e",YES
com.yc.gloryfit,Distance,"Distance [SEP] com.yc.gloryfit Privacy Policy GloryFit, an application made by Shenzhen Ultra Easy Technology Co., Ltd. (hereinafter referred to as “we”, “our” or “us”), provide you with exercise guidance and health services. We understand that privacy is important to you and we will do our best to protect your privacy. Please take a moment to familiarize yourself with our privacy practices and let us know if you have any questions. Our promise to you This Privacy Policy explains how we collect, use, disclose, process and protect the information that you provide to us when you use our products and services. If we ask you to provide certain information in order to verify your identity when using our products and services, we will use that information strictly in accordance with this Privacy Policy and our User Terms and Conditions. This Privacy Policy is designed with your needs in mind, and it is important that you fully understand of our personal information collection and usage practices, while ensuring that ultimately, you can control your personal information provided to us. Under this Privacy Policy, “personal information” refers to the information itself or the data that can identify a spec",YES
com.yc.gloryfit,Blood pressure,"Blood pressure [SEP] com.yc.gloryfit Privacy Policy GloryFit, an application made by Shenzhen Ultra Easy Technology Co., Ltd. (hereinafter referred to as “we”, “our” or “us”), provide you with exercise guidance and health services. We understand that privacy is important to you and we will do our best to protect your privacy. Please take a moment to familiarize yourself with our privacy practices and let us know if you have any questions. Our promise to you This Privacy Policy explains how we collect, use, disclose, process and protect the information that you provide to us when you use our products and services. If we ask you to provide certain information in order to verify your identity when using our products and services, we will use that information strictly in accordance with this Privacy Policy and our User Terms and Conditions. This Privacy Policy is designed with your needs in mind, and it is important that you fully understand of our personal information collection and usage practices, while ensuring that ultimately, you can control your personal information provided to us. Under this Privacy Policy, “personal information” refers to the information itself or the data that can identify a spec",NO
com.yc.gloryfit,Sleep,"Sleep [SEP] com.yc.gloryfit Privacy Policy GloryFit, an application made by Shenzhen Ultra Easy Technology Co., Ltd. (hereinafter referred to as “we”, “our” or “us”), provide you with exercise guidance and health services. We understand that privacy is important to you and we will do our best to protect your privacy. Please take a moment to familiarize yourself with our privacy practices and let us know if you have any questions. Our promise to you This Privacy Policy explains how we collect, use, disclose, process and protect the information that you provide to us when you use our products and services. If we ask you to provide certain information in order to verify your identity when using our products and services, we will use that information strictly in accordance with this Privacy Policy and our User Terms and Conditions. This Privacy Policy is designed with your needs in mind, and it is important that you fully understand of our personal information collection and usage practices, while ensuring that ultimately, you can control your personal information provided to us. Under this Privacy Policy, “personal information” refers to the information itself or the data that can identify a spec",YES
com.yc.gloryfit,Heart rate,"Heart rate [SEP] com.yc.gloryfit Privacy Policy GloryFit, an application made by Shenzhen Ultra Easy Technology Co., Ltd. (hereinafter referred to as “we”, “our” or “us”), provide you with exercise guidance and health services. We understand that privacy is important to you and we will do our best to protect your privacy. Please take a moment to familiarize yourself with our privacy practices and let us know if you have any questions. Our promise to you This Privacy Policy explains how we collect, use, disclose, process and protect the information that you provide to us when you use our products and services. If we ask you to provide certain information in order to verify your identity when using our products and services, we will use that information strictly in accordance with this Privacy Policy and our User Terms and Conditions. This Privacy Policy is designed with your needs in mind, and it is important that you fully understand of our personal information collection and usage practices, while ensuring that ultimately, you can control your personal information provided to us. Under this Privacy Policy, “personal information” refers to the information itself or the data that can identify a spec",YES
com.yc.gloryfit,Body temperature,"Body temperature [SEP] com.yc.gloryfit Privacy Policy GloryFit, an application made by Shenzhen Ultra Easy Technology Co., Ltd. (hereinafter referred to as “we”, “our” or “us”), provide you with exercise guidance and health services. We understand that privacy is important to you and we will do our best to protect your privacy. Please take a moment to familiarize yourself with our privacy practices and let us know if you have any questions. Our promise to you This Privacy Policy explains how we collect, use, disclose, process and protect the information that you provide to us when you use our products and services. If we ask you to provide certain information in order to verify your identity when using our products and services, we will use that information strictly in accordance with this Privacy Policy and our User Terms and Conditions. This Privacy Policy is designed with your needs in mind, and it is important that you fully understand of our personal information collection and usage practices, while ensuring that ultimately, you can control your personal information provided to us. Under this Privacy Policy, “personal information” refers to the information itself or the data that can identify a spec",NO
com.yc.gloryfit,Oxygen saturation,"Oxygen saturation [SEP] com.yc.gloryfit Privacy Policy GloryFit, an application made by Shenzhen Ultra Easy Technology Co., Ltd. (hereinafter referred to as “we”, “our” or “us”), provide you with exercise guidance and health services. We understand that privacy is important to you and we will do our best to protect your privacy. Please take a moment to familiarize yourself with our privacy practices and let us know if you have any questions. Our promise to you This Privacy Policy explains how we collect, use, disclose, process and protect the information that you provide to us when you use our products and services. If we ask you to provide certain information in order to verify your identity when using our products and services, we will use that information strictly in accordance with this Privacy Policy and our User Terms and Conditions. This Privacy Policy is designed with your needs in mind, and it is important that you fully understand of our personal information collection and usage practices, while ensuring that ultimately, you can control your personal information provided to us. Under this Privacy Policy, “personal information” refers to the information itself or the data that can identify a spec",NO
com.yc.gloryfit,Total calories burned,"Total calories burned [SEP] com.yc.gloryfit Privacy Policy GloryFit, an application made by Shenzhen Ultra Easy Technology Co., Ltd. (hereinafter referred to as “we”, “our” or “us”), provide you with exercise guidance and health services. We understand that privacy is important to you and we will do our best to protect your privacy. Please take a moment to familiarize yourself with our privacy practices and let us know if you have any questions. Our promise to you This Privacy Policy explains how we collect, use, disclose, process and protect the information that you provide to us when you use our products and services. If we ask you to provide certain information in order to verify your identity when using our products and services, we will use that information strictly in accordance with this Privacy Policy and our User Terms and Conditions. This Privacy Policy is designed with your needs in mind, and it is important that you fully understand of our personal information collection and usage practices, while ensuring that ultimately, you can control your personal information provided to us. Under this Privacy Policy, “personal information” refers to the information itself or the data that can identify a spec",NO
com.yc.gloryfit,Steps,"Steps [SEP] com.yc.gloryfit Privacy Policy GloryFit, an application made by Shenzhen Ultra Easy Technology Co., Ltd. (hereinafter referred to as “we”, “our” or “us”), provide you with exercise guidance and health services. We understand that privacy is important to you and we will do our best to protect your privacy. Please take a moment to familiarize yourself with our privacy practices and let us know if you have any questions. Our promise to you This Privacy Policy explains how we collect, use, disclose, process and protect the information that you provide to us when you use our products and services. If we ask you to provide certain information in order to verify your identity when using our products and services, we will use that information strictly in accordance with this Privacy Policy and our User Terms and Conditions. This Privacy Policy is designed with your needs in mind, and it is important that you fully understand of our personal information collection and usage practices, while ensuring that ultimately, you can control your personal information provided to us. Under this Privacy Policy, “personal information” refers to the information itself or the data that can identify a spec",YES
com.yc.imikilife,Distance,"Distance [SEP] com.yc.imikilife Privacy Policy IMIKI Life, an application made by Shenzhen Mihome Up Technology Co,Ltd. (hereinafter referred to as “we”, “our” or “us”), provide you with exercise guidance and health services. We understand that privacy is important to you and we will do our best to protect your privacy. Please take a moment to familiarize yourself with our privacy practices and let us know if you have any questions. Our promise to you This Privacy Policy explains how we collect, use, disclose, process and protect the information that you provide to us when you use our products and services. If we ask you to provide certain information in order to verify your identity when using our products and services, we will use that information strictly in accordance with this Privacy Policy and our User Terms and Conditions. This Privacy Policy is designed with your needs in mind, and it is important that you fully understand of our personal information collection and usage practices, while ensuring that ultimately, you can control your personal information provided to us. Under this Privacy Policy, “personal information” refers to the information itself or the data that can identify a spec",YES
com.yc.imikilife,Blood pressure,"Blood pressure [SEP] com.yc.imikilife Privacy Policy IMIKI Life, an application made by Shenzhen Mihome Up Technology Co,Ltd. (hereinafter referred to as “we”, “our” or “us”), provide you with exercise guidance and health services. We understand that privacy is important to you and we will do our best to protect your privacy. Please take a moment to familiarize yourself with our privacy practices and let us know if you have any questions. Our promise to you This Privacy Policy explains how we collect, use, disclose, process and protect the information that you provide to us when you use our products and services. If we ask you to provide certain information in order to verify your identity when using our products and services, we will use that information strictly in accordance with this Privacy Policy and our User Terms and Conditions. This Privacy Policy is designed with your needs in mind, and it is important that you fully understand of our personal information collection and usage practices, while ensuring that ultimately, you can control your personal information provided to us. Under this Privacy Policy, “personal information” refers to the information itself or the data that can identify a spec",NO
com.yc.imikilife,Sleep,"Sleep [SEP] com.yc.imikilife Privacy Policy IMIKI Life, an application made by Shenzhen Mihome Up Technology Co,Ltd. (hereinafter referred to as “we”, “our” or “us”), provide you with exercise guidance and health services. We understand that privacy is important to you and we will do our best to protect your privacy. Please take a moment to familiarize yourself with our privacy practices and let us know if you have any questions. Our promise to you This Privacy Policy explains how we collect, use, disclose, process and protect the information that you provide to us when you use our products and services. If we ask you to provide certain information in order to verify your identity when using our products and services, we will use that information strictly in accordance with this Privacy Policy and our User Terms and Conditions. This Privacy Policy is designed with your needs in mind, and it is important that you fully understand of our personal information collection and usage practices, while ensuring that ultimately, you can control your personal information provided to us. Under this Privacy Policy, “personal information” refers to the information itself or the data that can identify a spec",YES
com.yc.imikilife,Heart rate,"Heart rate [SEP] com.yc.imikilife Privacy Policy IMIKI Life, an application made by Shenzhen Mihome Up Technology Co,Ltd. (hereinafter referred to as “we”, “our” or “us”), provide you with exercise guidance and health services. We understand that privacy is important to you and we will do our best to protect your privacy. Please take a moment to familiarize yourself with our privacy practices and let us know if you have any questions. Our promise to you This Privacy Policy explains how we collect, use, disclose, process and protect the information that you provide to us when you use our products and services. If we ask you to provide certain information in order to verify your identity when using our products and services, we will use that information strictly in accordance with this Privacy Policy and our User Terms and Conditions. This Privacy Policy is designed with your needs in mind, and it is important that you fully understand of our personal information collection and usage practices, while ensuring that ultimately, you can control your personal information provided to us. Under this Privacy Policy, “personal information” refers to the information itself or the data that can identify a spec",YES
com.yc.imikilife,Body temperature,"Body temperature [SEP] com.yc.imikilife Privacy Policy IMIKI Life, an application made by Shenzhen Mihome Up Technology Co,Ltd. (hereinafter referred to as “we”, “our” or “us”), provide you with exercise guidance and health services. We understand that privacy is important to you and we will do our best to protect your privacy. Please take a moment to familiarize yourself with our privacy practices and let us know if you have any questions. Our promise to you This Privacy Policy explains how we collect, use, disclose, process and protect the information that you provide to us when you use our products and services. If we ask you to provide certain information in order to verify your identity when using our products and services, we will use that information strictly in accordance with this Privacy Policy and our User Terms and Conditions. This Privacy Policy is designed with your needs in mind, and it is important that you fully understand of our personal information collection and usage practices, while ensuring that ultimately, you can control your personal information provided to us. Under this Privacy Policy, “personal information” refers to the information itself or the data that can identify a spec",NO
com.yc.imikilife,Oxygen saturation,"Oxygen saturation [SEP] com.yc.imikilife Privacy Policy IMIKI Life, an application made by Shenzhen Mihome Up Technology Co,Ltd. (hereinafter referred to as “we”, “our” or “us”), provide you with exercise guidance and health services. We understand that privacy is important to you and we will do our best to protect your privacy. Please take a moment to familiarize yourself with our privacy practices and let us know if you have any questions. Our promise to you This Privacy Policy explains how we collect, use, disclose, process and protect the information that you provide to us when you use our products and services. If we ask you to provide certain information in order to verify your identity when using our products and services, we will use that information strictly in accordance with this Privacy Policy and our User Terms and Conditions. This Privacy Policy is designed with your needs in mind, and it is important that you fully understand of our personal information collection and usage practices, while ensuring that ultimately, you can control your personal information provided to us. Under this Privacy Policy, “personal information” refers to the information itself or the data that can identify a spec",NO
com.yc.imikilife,Total calories burned,"Total calories burned [SEP] com.yc.imikilife Privacy Policy IMIKI Life, an application made by Shenzhen Mihome Up Technology Co,Ltd. (hereinafter referred to as “we”, “our” or “us”), provide you with exercise guidance and health services. We understand that privacy is important to you and we will do our best to protect your privacy. Please take a moment to familiarize yourself with our privacy practices and let us know if you have any questions. Our promise to you This Privacy Policy explains how we collect, use, disclose, process and protect the information that you provide to us when you use our products and services. If we ask you to provide certain information in order to verify your identity when using our products and services, we will use that information strictly in accordance with this Privacy Policy and our User Terms and Conditions. This Privacy Policy is designed with your needs in mind, and it is important that you fully understand of our personal information collection and usage practices, while ensuring that ultimately, you can control your personal information provided to us. Under this Privacy Policy, “personal information” refers to the information itself or the data that can identify a spec",NO
com.yc.imikilife,Steps,"Steps [SEP] com.yc.imikilife Privacy Policy IMIKI Life, an application made by Shenzhen Mihome Up Technology Co,Ltd. (hereinafter referred to as “we”, “our” or “us”), provide you with exercise guidance and health services. We understand that privacy is important to you and we will do our best to protect your privacy. Please take a moment to familiarize yourself with our privacy practices and let us know if you have any questions. Our promise to you This Privacy Policy explains how we collect, use, disclose, process and protect the information that you provide to us when you use our products and services. If we ask you to provide certain information in order to verify your identity when using our products and services, we will use that information strictly in accordance with this Privacy Policy and our User Terms and Conditions. This Privacy Policy is designed with your needs in mind, and it is important that you fully understand of our personal information collection and usage practices, while ensuring that ultimately, you can control your personal information provided to us. Under this Privacy Policy, “personal information” refers to the information itself or the data that can identify a spec",YES
com.yc.gloryfitpro,Distance,"Distance [SEP] com.yc.gloryfitpro Privacy Policy GloryFitPro, an application made by Shenzhen Ultra Easy Technology Co., Ltd. (hereinafter referred to as “we”, “our” or “us”), provide you with exercise guidance and health services. We understand that privacy is important to you and we will do our best to protect your privacy. Please take a moment to familiarize yourself with our privacy practices and let us know if you have any questions. Our promise to you This Privacy Policy explains how we collect, use, disclose, process and protect the information that you provide to us when you use our products and services. If we ask you to provide certain information in order to verify your identity when using our products and services, we will use that information strictly in accordance with this Privacy Policy and our User Terms and Conditions. This Privacy Policy is designed with your needs in mind, and it is important that you fully understand of our personal information collection and usage practices, while ensuring that ultimately, you can control your personal information provided to us. Under this Privacy Policy, “personal information” refers to the information itself or the data that can identify ",YES
com.yc.gloryfitpro,Blood pressure,"Blood pressure [SEP] com.yc.gloryfitpro Privacy Policy GloryFitPro, an application made by Shenzhen Ultra Easy Technology Co., Ltd. (hereinafter referred to as “we”, “our” or “us”), provide you with exercise guidance and health services. We understand that privacy is important to you and we will do our best to protect your privacy. Please take a moment to familiarize yourself with our privacy practices and let us know if you have any questions. Our promise to you This Privacy Policy explains how we collect, use, disclose, process and protect the information that you provide to us when you use our products and services. If we ask you to provide certain information in order to verify your identity when using our products and services, we will use that information strictly in accordance with this Privacy Policy and our User Terms and Conditions. This Privacy Policy is designed with your needs in mind, and it is important that you fully understand of our personal information collection and usage practices, while ensuring that ultimately, you can control your personal information provided to us. Under this Privacy Policy, “personal information” refers to the information itself or the data that can identify ",NO
com.yc.gloryfitpro,Sleep,"Sleep [SEP] com.yc.gloryfitpro Privacy Policy GloryFitPro, an application made by Shenzhen Ultra Easy Technology Co., Ltd. (hereinafter referred to as “we”, “our” or “us”), provide you with exercise guidance and health services. We understand that privacy is important to you and we will do our best to protect your privacy. Please take a moment to familiarize yourself with our privacy practices and let us know if you have any questions. Our promise to you This Privacy Policy explains how we collect, use, disclose, process and protect the information that you provide to us when you use our products and services. If we ask you to provide certain information in order to verify your identity when using our products and services, we will use that information strictly in accordance with this Privacy Policy and our User Terms and Conditions. This Privacy Policy is designed with your needs in mind, and it is important that you fully understand of our personal information collection and usage practices, while ensuring that ultimately, you can control your personal information provided to us. Under this Privacy Policy, “personal information” refers to the information itself or the data that can identify ",YES
com.yc.gloryfitpro,Heart rate,"Heart rate [SEP] com.yc.gloryfitpro Privacy Policy GloryFitPro, an application made by Shenzhen Ultra Easy Technology Co., Ltd. (hereinafter referred to as “we”, “our” or “us”), provide you with exercise guidance and health services. We understand that privacy is important to you and we will do our best to protect your privacy. Please take a moment to familiarize yourself with our privacy practices and let us know if you have any questions. Our promise to you This Privacy Policy explains how we collect, use, disclose, process and protect the information that you provide to us when you use our products and services. If we ask you to provide certain information in order to verify your identity when using our products and services, we will use that information strictly in accordance with this Privacy Policy and our User Terms and Conditions. This Privacy Policy is designed with your needs in mind, and it is important that you fully understand of our personal information collection and usage practices, while ensuring that ultimately, you can control your personal information provided to us. Under this Privacy Policy, “personal information” refers to the information itself or the data that can identify ",YES
com.yc.gloryfitpro,Body temperature,"Body temperature [SEP] com.yc.gloryfitpro Privacy Policy GloryFitPro, an application made by Shenzhen Ultra Easy Technology Co., Ltd. (hereinafter referred to as “we”, “our” or “us”), provide you with exercise guidance and health services. We understand that privacy is important to you and we will do our best to protect your privacy. Please take a moment to familiarize yourself with our privacy practices and let us know if you have any questions. Our promise to you This Privacy Policy explains how we collect, use, disclose, process and protect the information that you provide to us when you use our products and services. If we ask you to provide certain information in order to verify your identity when using our products and services, we will use that information strictly in accordance with this Privacy Policy and our User Terms and Conditions. This Privacy Policy is designed with your needs in mind, and it is important that you fully understand of our personal information collection and usage practices, while ensuring that ultimately, you can control your personal information provided to us. Under this Privacy Policy, “personal information” refers to the information itself or the data that can identify ",NO
com.yc.gloryfitpro,Oxygen saturation,"Oxygen saturation [SEP] com.yc.gloryfitpro Privacy Policy GloryFitPro, an application made by Shenzhen Ultra Easy Technology Co., Ltd. (hereinafter referred to as “we”, “our” or “us”), provide you with exercise guidance and health services. We understand that privacy is important to you and we will do our best to protect your privacy. Please take a moment to familiarize yourself with our privacy practices and let us know if you have any questions. Our promise to you This Privacy Policy explains how we collect, use, disclose, process and protect the information that you provide to us when you use our products and services. If we ask you to provide certain information in order to verify your identity when using our products and services, we will use that information strictly in accordance with this Privacy Policy and our User Terms and Conditions. This Privacy Policy is designed with your needs in mind, and it is important that you fully understand of our personal information collection and usage practices, while ensuring that ultimately, you can control your personal information provided to us. Under this Privacy Policy, “personal information” refers to the information itself or the data that can identify ",NO
com.yc.gloryfitpro,Total calories burned,"Total calories burned [SEP] com.yc.gloryfitpro Privacy Policy GloryFitPro, an application made by Shenzhen Ultra Easy Technology Co., Ltd. (hereinafter referred to as “we”, “our” or “us”), provide you with exercise guidance and health services. We understand that privacy is important to you and we will do our best to protect your privacy. Please take a moment to familiarize yourself with our privacy practices and let us know if you have any questions. Our promise to you This Privacy Policy explains how we collect, use, disclose, process and protect the information that you provide to us when you use our products and services. If we ask you to provide certain information in order to verify your identity when using our products and services, we will use that information strictly in accordance with this Privacy Policy and our User Terms and Conditions. This Privacy Policy is designed with your needs in mind, and it is important that you fully understand of our personal information collection and usage practices, while ensuring that ultimately, you can control your personal information provided to us. Under this Privacy Policy, “personal information” refers to the information itself or the data that can identify ",NO
com.yc.gloryfitpro,Steps,"Steps [SEP] com.yc.gloryfitpro Privacy Policy GloryFitPro, an application made by Shenzhen Ultra Easy Technology Co., Ltd. (hereinafter referred to as “we”, “our” or “us”), provide you with exercise guidance and health services. We understand that privacy is important to you and we will do our best to protect your privacy. Please take a moment to familiarize yourself with our privacy practices and let us know if you have any questions. Our promise to you This Privacy Policy explains how we collect, use, disclose, process and protect the information that you provide to us when you use our products and services. If we ask you to provide certain information in order to verify your identity when using our products and services, we will use that information strictly in accordance with this Privacy Policy and our User Terms and Conditions. This Privacy Policy is designed with your needs in mind, and it is important that you fully understand of our personal information collection and usage practices, while ensuring that ultimately, you can control your personal information provided to us. Under this Privacy Policy, “personal information” refers to the information itself or the data that can identify ",YES
com.yc.kospetfit,Distance,"Distance [SEP] com.yc.kospetfit Privacy Policy KOSPET FIT, an application made by AMAZWEAR TECHNOLOGY INC . (hereinafter referred to as “we”, “our” or “us”), provide you with exercise guidance and health services. We understand that privacy is important to you and we will do our best to protect your privacy. Please take a moment to familiarize yourself with our privacy practices and let us know if you have any questions. Our promise to you This Privacy Policy explains how we collect, use, disclose, process and protect the information that you provide to us when you use our products and services. If we ask you to provide certain information in order to verify your identity when using our products and services, we will use that information strictly in accordance with this Privacy Policy and our User Terms and Conditions. This Privacy Policy is designed with your needs in mind, and it is important that you fully understand of our personal information collection and usage practices, while ensuring that ultimately, you can control your personal information provided to us. Under this Privacy Policy, “personal information” refers to the information itself or the data that can identify a specific individ",YES
com.yc.kospetfit,Blood pressure,"Blood pressure [SEP] com.yc.kospetfit Privacy Policy KOSPET FIT, an application made by AMAZWEAR TECHNOLOGY INC . (hereinafter referred to as “we”, “our” or “us”), provide you with exercise guidance and health services. We understand that privacy is important to you and we will do our best to protect your privacy. Please take a moment to familiarize yourself with our privacy practices and let us know if you have any questions. Our promise to you This Privacy Policy explains how we collect, use, disclose, process and protect the information that you provide to us when you use our products and services. If we ask you to provide certain information in order to verify your identity when using our products and services, we will use that information strictly in accordance with this Privacy Policy and our User Terms and Conditions. This Privacy Policy is designed with your needs in mind, and it is important that you fully understand of our personal information collection and usage practices, while ensuring that ultimately, you can control your personal information provided to us. Under this Privacy Policy, “personal information” refers to the information itself or the data that can identify a specific individ",NO
com.yc.kospetfit,Sleep,"Sleep [SEP] com.yc.kospetfit Privacy Policy KOSPET FIT, an application made by AMAZWEAR TECHNOLOGY INC . (hereinafter referred to as “we”, “our” or “us”), provide you with exercise guidance and health services. We understand that privacy is important to you and we will do our best to protect your privacy. Please take a moment to familiarize yourself with our privacy practices and let us know if you have any questions. Our promise to you This Privacy Policy explains how we collect, use, disclose, process and protect the information that you provide to us when you use our products and services. If we ask you to provide certain information in order to verify your identity when using our products and services, we will use that information strictly in accordance with this Privacy Policy and our User Terms and Conditions. This Privacy Policy is designed with your needs in mind, and it is important that you fully understand of our personal information collection and usage practices, while ensuring that ultimately, you can control your personal information provided to us. Under this Privacy Policy, “personal information” refers to the information itself or the data that can identify a specific individ",YES
com.yc.kospetfit,Heart rate,"Heart rate [SEP] com.yc.kospetfit Privacy Policy KOSPET FIT, an application made by AMAZWEAR TECHNOLOGY INC . (hereinafter referred to as “we”, “our” or “us”), provide you with exercise guidance and health services. We understand that privacy is important to you and we will do our best to protect your privacy. Please take a moment to familiarize yourself with our privacy practices and let us know if you have any questions. Our promise to you This Privacy Policy explains how we collect, use, disclose, process and protect the information that you provide to us when you use our products and services. If we ask you to provide certain information in order to verify your identity when using our products and services, we will use that information strictly in accordance with this Privacy Policy and our User Terms and Conditions. This Privacy Policy is designed with your needs in mind, and it is important that you fully understand of our personal information collection and usage practices, while ensuring that ultimately, you can control your personal information provided to us. Under this Privacy Policy, “personal information” refers to the information itself or the data that can identify a specific individ",YES
com.yc.kospetfit,Body temperature,"Body temperature [SEP] com.yc.kospetfit Privacy Policy KOSPET FIT, an application made by AMAZWEAR TECHNOLOGY INC . (hereinafter referred to as “we”, “our” or “us”), provide you with exercise guidance and health services. We understand that privacy is important to you and we will do our best to protect your privacy. Please take a moment to familiarize yourself with our privacy practices and let us know if you have any questions. Our promise to you This Privacy Policy explains how we collect, use, disclose, process and protect the information that you provide to us when you use our products and services. If we ask you to provide certain information in order to verify your identity when using our products and services, we will use that information strictly in accordance with this Privacy Policy and our User Terms and Conditions. This Privacy Policy is designed with your needs in mind, and it is important that you fully understand of our personal information collection and usage practices, while ensuring that ultimately, you can control your personal information provided to us. Under this Privacy Policy, “personal information” refers to the information itself or the data that can identify a specific individ",NO
com.yc.kospetfit,Oxygen saturation,"Oxygen saturation [SEP] com.yc.kospetfit Privacy Policy KOSPET FIT, an application made by AMAZWEAR TECHNOLOGY INC . (hereinafter referred to as “we”, “our” or “us”), provide you with exercise guidance and health services. We understand that privacy is important to you and we will do our best to protect your privacy. Please take a moment to familiarize yourself with our privacy practices and let us know if you have any questions. Our promise to you This Privacy Policy explains how we collect, use, disclose, process and protect the information that you provide to us when you use our products and services. If we ask you to provide certain information in order to verify your identity when using our products and services, we will use that information strictly in accordance with this Privacy Policy and our User Terms and Conditions. This Privacy Policy is designed with your needs in mind, and it is important that you fully understand of our personal information collection and usage practices, while ensuring that ultimately, you can control your personal information provided to us. Under this Privacy Policy, “personal information” refers to the information itself or the data that can identify a specific individ",NO
com.yc.kospetfit,Total calories burned,"Total calories burned [SEP] com.yc.kospetfit Privacy Policy KOSPET FIT, an application made by AMAZWEAR TECHNOLOGY INC . (hereinafter referred to as “we”, “our” or “us”), provide you with exercise guidance and health services. We understand that privacy is important to you and we will do our best to protect your privacy. Please take a moment to familiarize yourself with our privacy practices and let us know if you have any questions. Our promise to you This Privacy Policy explains how we collect, use, disclose, process and protect the information that you provide to us when you use our products and services. If we ask you to provide certain information in order to verify your identity when using our products and services, we will use that information strictly in accordance with this Privacy Policy and our User Terms and Conditions. This Privacy Policy is designed with your needs in mind, and it is important that you fully understand of our personal information collection and usage practices, while ensuring that ultimately, you can control your personal information provided to us. Under this Privacy Policy, “personal information” refers to the information itself or the data that can identify a specific individ",NO
com.yc.kospetfit,Steps,"Steps [SEP] com.yc.kospetfit Privacy Policy KOSPET FIT, an application made by AMAZWEAR TECHNOLOGY INC . (hereinafter referred to as “we”, “our” or “us”), provide you with exercise guidance and health services. We understand that privacy is important to you and we will do our best to protect your privacy. Please take a moment to familiarize yourself with our privacy practices and let us know if you have any questions. Our promise to you This Privacy Policy explains how we collect, use, disclose, process and protect the information that you provide to us when you use our products and services. If we ask you to provide certain information in order to verify your identity when using our products and services, we will use that information strictly in accordance with this Privacy Policy and our User Terms and Conditions. This Privacy Policy is designed with your needs in mind, and it is important that you fully understand of our personal information collection and usage practices, while ensuring that ultimately, you can control your personal information provided to us. Under this Privacy Policy, “personal information” refers to the information itself or the data that can identify a specific individ",YES
com.yc.fosmetfit,Distance,"Distance [SEP] com.yc.fosmetfit Privacy Policy FOSMET FIT, an application made by Shenzhen Deke Union E - Commerce Co.,Ltd.. (hereinafter referred to as “we”, “our” or “us”), provide you with exercise guidance and health services. We understand that privacy is important to you and we will do our best to protect your privacy. Please take a moment to familiarize yourself with our privacy practices and let us know if you have any questions. Our promise to you This Privacy Policy explains how we collect, use, disclose, process and protect the information that you provide to us when you use our products and services. If we ask you to provide certain information in order to verify your identity when using our products and services, we will use that information strictly in accordance with this Privacy Policy and our User Terms and Conditions. This Privacy Policy is designed with your needs in mind, and it is important that you fully understand of our personal information collection and usage practices, while ensuring that ultimately, you can control your personal information provided to us. Under this Privacy Policy, “personal information” refers to the information itself or the data that can identify a",YES
com.yc.fosmetfit,Blood pressure,"Blood pressure [SEP] com.yc.fosmetfit Privacy Policy FOSMET FIT, an application made by Shenzhen Deke Union E - Commerce Co.,Ltd.. (hereinafter referred to as “we”, “our” or “us”), provide you with exercise guidance and health services. We understand that privacy is important to you and we will do our best to protect your privacy. Please take a moment to familiarize yourself with our privacy practices and let us know if you have any questions. Our promise to you This Privacy Policy explains how we collect, use, disclose, process and protect the information that you provide to us when you use our products and services. If we ask you to provide certain information in order to verify your identity when using our products and services, we will use that information strictly in accordance with this Privacy Policy and our User Terms and Conditions. This Privacy Policy is designed with your needs in mind, and it is important that you fully understand of our personal information collection and usage practices, while ensuring that ultimately, you can control your personal information provided to us. Under this Privacy Policy, “personal information” refers to the information itself or the data that can identify a",NO
com.yc.fosmetfit,Sleep,"Sleep [SEP] com.yc.fosmetfit Privacy Policy FOSMET FIT, an application made by Shenzhen Deke Union E - Commerce Co.,Ltd.. (hereinafter referred to as “we”, “our” or “us”), provide you with exercise guidance and health services. We understand that privacy is important to you and we will do our best to protect your privacy. Please take a moment to familiarize yourself with our privacy practices and let us know if you have any questions. Our promise to you This Privacy Policy explains how we collect, use, disclose, process and protect the information that you provide to us when you use our products and services. If we ask you to provide certain information in order to verify your identity when using our products and services, we will use that information strictly in accordance with this Privacy Policy and our User Terms and Conditions. This Privacy Policy is designed with your needs in mind, and it is important that you fully understand of our personal information collection and usage practices, while ensuring that ultimately, you can control your personal information provided to us. Under this Privacy Policy, “personal information” refers to the information itself or the data that can identify a",YES
com.yc.fosmetfit,Heart rate,"Heart rate [SEP] com.yc.fosmetfit Privacy Policy FOSMET FIT, an application made by Shenzhen Deke Union E - Commerce Co.,Ltd.. (hereinafter referred to as “we”, “our” or “us”), provide you with exercise guidance and health services. We understand that privacy is important to you and we will do our best to protect your privacy. Please take a moment to familiarize yourself with our privacy practices and let us know if you have any questions. Our promise to you This Privacy Policy explains how we collect, use, disclose, process and protect the information that you provide to us when you use our products and services. If we ask you to provide certain information in order to verify your identity when using our products and services, we will use that information strictly in accordance with this Privacy Policy and our User Terms and Conditions. This Privacy Policy is designed with your needs in mind, and it is important that you fully understand of our personal information collection and usage practices, while ensuring that ultimately, you can control your personal information provided to us. Under this Privacy Policy, “personal information” refers to the information itself or the data that can identify a",YES
com.yc.fosmetfit,Body temperature,"Body temperature [SEP] com.yc.fosmetfit Privacy Policy FOSMET FIT, an application made by Shenzhen Deke Union E - Commerce Co.,Ltd.. (hereinafter referred to as “we”, “our” or “us”), provide you with exercise guidance and health services. We understand that privacy is important to you and we will do our best to protect your privacy. Please take a moment to familiarize yourself with our privacy practices and let us know if you have any questions. Our promise to you This Privacy Policy explains how we collect, use, disclose, process and protect the information that you provide to us when you use our products and services. If we ask you to provide certain information in order to verify your identity when using our products and services, we will use that information strictly in accordance with this Privacy Policy and our User Terms and Conditions. This Privacy Policy is designed with your needs in mind, and it is important that you fully understand of our personal information collection and usage practices, while ensuring that ultimately, you can control your personal information provided to us. Under this Privacy Policy, “personal information” refers to the information itself or the data that can identify a",NO
com.yc.fosmetfit,Oxygen saturation,"Oxygen saturation [SEP] com.yc.fosmetfit Privacy Policy FOSMET FIT, an application made by Shenzhen Deke Union E - Commerce Co.,Ltd.. (hereinafter referred to as “we”, “our” or “us”), provide you with exercise guidance and health services. We understand that privacy is important to you and we will do our best to protect your privacy. Please take a moment to familiarize yourself with our privacy practices and let us know if you have any questions. Our promise to you This Privacy Policy explains how we collect, use, disclose, process and protect the information that you provide to us when you use our products and services. If we ask you to provide certain information in order to verify your identity when using our products and services, we will use that information strictly in accordance with this Privacy Policy and our User Terms and Conditions. This Privacy Policy is designed with your needs in mind, and it is important that you fully understand of our personal information collection and usage practices, while ensuring that ultimately, you can control your personal information provided to us. Under this Privacy Policy, “personal information” refers to the information itself or the data that can identify a",NO
com.yc.fosmetfit,Total calories burned,"Total calories burned [SEP] com.yc.fosmetfit Privacy Policy FOSMET FIT, an application made by Shenzhen Deke Union E - Commerce Co.,Ltd.. (hereinafter referred to as “we”, “our” or “us”), provide you with exercise guidance and health services. We understand that privacy is important to you and we will do our best to protect your privacy. Please take a moment to familiarize yourself with our privacy practices and let us know if you have any questions. Our promise to you This Privacy Policy explains how we collect, use, disclose, process and protect the information that you provide to us when you use our products and services. If we ask you to provide certain information in order to verify your identity when using our products and services, we will use that information strictly in accordance with this Privacy Policy and our User Terms and Conditions. This Privacy Policy is designed with your needs in mind, and it is important that you fully understand of our personal information collection and usage practices, while ensuring that ultimately, you can control your personal information provided to us. Under this Privacy Policy, “personal information” refers to the information itself or the data that can identify a",NO
com.yc.fosmetfit,Steps,"Steps [SEP] com.yc.fosmetfit Privacy Policy FOSMET FIT, an application made by Shenzhen Deke Union E - Commerce Co.,Ltd.. (hereinafter referred to as “we”, “our” or “us”), provide you with exercise guidance and health services. We understand that privacy is important to you and we will do our best to protect your privacy. Please take a moment to familiarize yourself with our privacy practices and let us know if you have any questions. Our promise to you This Privacy Policy explains how we collect, use, disclose, process and protect the information that you provide to us when you use our products and services. If we ask you to provide certain information in order to verify your identity when using our products and services, we will use that information strictly in accordance with this Privacy Policy and our User Terms and Conditions. This Privacy Policy is designed with your needs in mind, and it is important that you fully understand of our personal information collection and usage practices, while ensuring that ultimately, you can control your personal information provided to us. Under this Privacy Policy, “personal information” refers to the information itself or the data that can identify a",YES
